1,Pellentesque at nulla. Suspendisse potenti.,2021-11-10 07:35:06,2022-01-11 10:18:47,1,81,59
2,Phasellus in felis. Donec semper sapien a libero. Nam dui.,2021-09-02 14:20:19,2021-02-21 13:51:40,2,49,73
3,Etiam justo.,2021-04-18 19:34:22,2021-02-18 05:24:00,3,71,44
4,"Curabitur at ipsum ac tellus semper interdum. Mauris ullamcorper purus sit amet nulla. Quisque arcu libero, rutrum ac, lobortis vel, dapibus at, diam.",2021-12-31 04:12:26,2022-01-25 11:48:17,4,99,10
5,"Aliquam sit amet diam in magna bibendum imperdiet. Nullam orci pede, venenatis non, sodales sed, tincidunt eu, felis. Fusce posuere felis sed lacus.",2021-11-13 12:22:09,2021-07-12 11:29:41,5,24,32
6,Praesent lectus.,2022-01-25 18:03:12,2021-03-09 02:17:27,6,56,51
7,Mauris ullamcorper purus sit amet nulla.,2021-12-21 21:31:31,2021-10-24 14:06:38,7,18,36
8,Aenean sit amet justo. Morbi ut odio.,2021-10-17 12:33:45,2021-09-26 13:59:39,8,48,58
9,Pellentesque at nulla. Suspendisse potenti.,2021-07-07 06:54:25,2021-02-28 16:05:19,9,71,83
10,Ut tellus.,2021-05-19 23:35:10,2021-08-07 08:41:56,10,51,2
11,"Mauris enim leo, rhoncus sed, vestibulum sit amet, cursus id, turpis.",2021-05-26 13:54:26,2021-03-31 06:07:20,11,19,91
12,Sed ante. Vivamus tortor.,2021-02-15 07:56:19,2021-04-12 06:11:22,12,47,76
13,"Morbi quis tortor id nulla ultrices aliquet. Maecenas leo odio, condimentum id, luctus nec, molestie sed, justo. Pellentesque viverra pede ac diam.",2021-05-13 00:17:11,2021-08-01 19:09:33,13,58,24
14,"Cras in purus eu magna vulputate luctus. Cum sociis natoque penatibus et magnis dis parturient montes, nascetur ridiculus mus. Vivamus vestibulum sagittis sapien.",2021-05-25 10:03:34,2021-08-02 20:36:15,14,36,9
15,Morbi non quam nec dui luctus rutrum.,2021-05-16 06:08:00,2022-01-24 22:32:05,15,97,100
16,Etiam pretium iaculis justo. In hac habitasse platea dictumst.,2021-04-11 03:39:19,2021-09-26 12:47:48,16,59,61
17,Nulla justo. Aliquam quis turpis eget elit sodales scelerisque.,2021-06-28 23:16:43,2021-12-13 00:58:15,17,2,21
18,Integer tincidunt ante vel ipsum. Praesent blandit lacinia erat. Vestibulum sed magna at nunc commodo placerat.,2021-10-20 20:19:29,2021-09-30 19:52:49,18,81,30
19,"Vivamus vestibulum sagittis sapien. Cum sociis natoque penatibus et magnis dis parturient montes, nascetur ridiculus mus.",2021-03-12 13:59:03,2021-07-05 12:03:04,19,22,95
20,Duis mattis egestas metus. Aenean fermentum.,2022-01-06 06:36:56,2021-05-16 14:14:10,20,43,88
21,"Nam ultrices, libero non mattis pulvinar, nulla pede ullamcorper augue, a suscipit nulla elit ac nulla. Sed vel enim sit amet nunc viverra dapibus.",2021-11-18 20:39:02,2022-01-15 18:24:26,21,50,68
22,"Duis bibendum, felis sed interdum venenatis, turpis enim blandit mi, in porttitor pede justo eu massa. Donec dapibus.",2021-12-14 08:08:24,2021-08-18 03:55:55,22,84,36
23,Integer ac leo. Pellentesque ultrices mattis odio. Donec vitae nisi.,2021-02-15 09:21:50,2021-08-27 11:18:32,23,75,47
24,"Mauris enim leo, rhoncus sed, vestibulum sit amet, cursus id, turpis.",2021-10-15 02:50:32,2021-11-03 07:02:24,24,46,88
25,Morbi a ipsum.,2021-02-03 07:16:59,2021-05-07 00:49:47,25,11,61
26,"Morbi ut odio. Cras mi pede, malesuada in, imperdiet et, commodo vulputate, justo. In blandit ultrices enim.",2021-10-09 09:09:05,2021-09-15 01:54:45,26,3,8
27,Aliquam quis turpis eget elit sodales scelerisque. Mauris sit amet eros.,2021-06-07 04:13:25,2021-07-11 07:42:21,27,52,11
28,Phasellus in felis. Donec semper sapien a libero. Nam dui.,2021-08-27 02:47:32,2022-01-14 17:55:06,28,100,55
29,Phasellus sit amet erat. Nulla tempus.,2022-01-02 01:44:10,2021-03-05 00:32:34,29,82,31
30,"Lorem ipsum dolor sit amet, consectetuer adipiscing elit. Proin interdum mauris non ligula pellentesque ultrices.",2021-04-22 11:46:58,2021-07-02 15:43:33,30,11,44
31,"Aenean fermentum. Donec ut mauris eget massa tempor convallis. Nulla neque libero, convallis eget, eleifend luctus, ultricies eu, nibh.",2021-12-05 14:16:18,2021-09-21 07:13:42,31,10,61
32,"Integer aliquet, massa id lobortis convallis, tortor risus dapibus augue, vel accumsan tellus nisi eu orci. Mauris lacinia sapien quis libero.",2021-07-28 03:23:52,2021-11-24 18:00:32,32,46,51
33,"Fusce lacus purus, aliquet at, feugiat non, pretium quis, lectus. Suspendisse potenti.",2021-04-14 23:58:43,2021-07-15 19:18:04,33,63,58
34,Vivamus in felis eu sapien cursus vestibulum. Proin eu mi.,2021-04-27 20:01:30,2021-07-25 05:22:32,34,43,30
35,"Vestibulum quam sapien, varius ut, blandit non, interdum in, ante. Vestibulum ante ipsum primis in faucibus orci luctus et ultrices posuere cubilia Curae; Duis faucibus accumsan odio.",2021-02-04 03:40:08,2021-06-30 13:58:46,35,81,88
36,"Cras pellentesque volutpat dui. Maecenas tristique, est et tempus semper, est quam pharetra magna, ac consequat metus sapien ut nunc.",2021-07-17 22:54:08,2022-01-25 22:36:18,36,65,36
37,Vivamus tortor. Duis mattis egestas metus. Aenean fermentum.,2021-09-19 21:56:08,2021-11-20 08:40:33,37,74,32
38,Curabitur gravida nisi at nibh. In hac habitasse platea dictumst.,2021-04-08 21:29:15,2021-10-10 22:59:59,38,37,42
39,Quisque id justo sit amet sapien dignissim vestibulum.,2021-03-08 23:41:40,2021-09-08 19:00:29,39,36,26
40,Nullam sit amet turpis elementum ligula vehicula consequat.,2021-09-18 12:55:55,2021-11-03 18:23:06,40,95,53
41,"Cras in purus eu magna vulputate luctus. Cum sociis natoque penatibus et magnis dis parturient montes, nascetur ridiculus mus. Vivamus vestibulum sagittis sapien.",2021-07-07 18:01:55,2021-10-11 05:56:36,41,57,82
42,Suspendisse potenti.,2021-03-26 02:14:54,2021-09-09 02:34:31,42,65,48
43,Praesent id massa id nisl venenatis lacinia. Aenean sit amet justo. Morbi ut odio.,2021-04-04 21:37:02,2021-01-30 00:33:39,43,48,4
44,Praesent blandit.,2021-05-12 10:08:28,2021-06-20 14:09:35,44,1,31
45,"Aliquam augue quam, sollicitudin vitae, consectetuer eget, rutrum at, lorem. Integer tincidunt ante vel ipsum.",2021-01-30 18:30:39,2021-07-08 05:20:33,45,93,71
46,In quis justo.,2022-01-22 23:14:22,2021-02-04 03:06:12,46,79,25
47,Pellentesque eget nunc. Donec quis orci eget orci vehicula condimentum.,2022-01-15 02:13:23,2021-10-28 11:09:32,47,4,95
48,"Cras mi pede, malesuada in, imperdiet et, commodo vulputate, justo. In blandit ultrices enim. Lorem ipsum dolor sit amet, consectetuer adipiscing elit.",2021-01-26 21:50:07,2021-11-13 19:04:36,48,95,13
49,Integer ac neque. Duis bibendum. Morbi non quam nec dui luctus rutrum.,2021-12-31 08:07:56,2021-08-18 16:03:55,49,60,100
50,"Nam dui. Proin leo odio, porttitor id, consequat in, consequat ut, nulla. Sed accumsan felis.",2021-09-18 23:34:57,2021-03-13 10:05:09,50,100,21
51,Duis consequat dui nec nisi volutpat eleifend. Donec ut dolor.,2021-09-13 11:14:32,2022-01-08 13:46:09,51,41,38
52,"Integer non velit. Donec diam neque, vestibulum eget, vulputate ut, ultrices vel, augue.",2021-09-25 09:39:31,2021-01-27 01:41:43,52,73,16
53,"Praesent lectus. Vestibulum quam sapien, varius ut, blandit non, interdum in, ante.",2021-01-27 23:36:42,2021-09-21 22:00:52,53,37,56
54,Maecenas tincidunt lacus at velit. Vivamus vel nulla eget eros elementum pellentesque.,2021-11-29 07:42:06,2021-02-20 20:18:02,54,71,24
55,In congue.,2021-11-26 01:58:44,2021-07-08 10:27:44,55,35,33
56,Donec quis orci eget orci vehicula condimentum. Curabitur in libero ut massa volutpat convallis.,2021-03-23 13:53:52,2021-08-25 08:32:45,56,18,18
57,"Praesent lectus. Vestibulum quam sapien, varius ut, blandit non, interdum in, ante.",2021-04-30 17:57:02,2021-12-19 03:27:28,57,32,10
58,Donec posuere metus vitae ipsum.,2021-08-28 10:25:26,2021-07-27 21:36:56,58,17,86
59,Pellentesque at nulla. Suspendisse potenti.,2021-05-02 21:54:34,2021-02-17 18:25:00,59,75,15
60,"Nam ultrices, libero non mattis pulvinar, nulla pede ullamcorper augue, a suscipit nulla elit ac nulla. Sed vel enim sit amet nunc viverra dapibus. Nulla suscipit ligula in lacus.",2021-08-11 01:31:55,2021-10-14 12:34:06,60,52,62
61,"Fusce lacus purus, aliquet at, feugiat non, pretium quis, lectus.",2021-07-23 12:58:00,2021-02-01 12:15:47,61,34,96
62,Pellentesque at nulla. Suspendisse potenti.,2021-09-17 14:11:32,2022-01-20 09:30:30,62,55,46
63,"Phasellus id sapien in sapien iaculis congue. Vivamus metus arcu, adipiscing molestie, hendrerit at, vulputate vitae, nisl. Aenean lectus.",2021-01-26 05:46:03,2021-08-12 07:52:57,63,70,13
64,Cras non velit nec nisi vulputate nonummy.,2021-08-13 17:03:40,2021-09-11 03:14:56,64,7,61
65,"Phasellus id sapien in sapien iaculis congue. Vivamus metus arcu, adipiscing molestie, hendrerit at, vulputate vitae, nisl.",2021-07-25 06:47:25,2021-05-11 16:52:55,65,43,83
66,Donec quis orci eget orci vehicula condimentum.,2021-08-29 17:01:50,2021-12-30 17:43:09,66,6,92
67,"Vestibulum ante ipsum primis in faucibus orci luctus et ultrices posuere cubilia Curae; Donec pharetra, magna vestibulum aliquet ultrices, erat tortor sollicitudin mi, sit amet lobortis sapien sapien non mi. Integer ac neque.",2021-10-07 08:25:32,2021-04-12 19:12:12,67,84,58
68,"In tempor, turpis nec euismod scelerisque, quam turpis adipiscing lorem, vitae mattis nibh ligula nec sem. Duis aliquam convallis nunc. Proin at turpis a pede posuere nonummy.",2021-03-12 15:43:29,2021-11-05 19:06:51,68,5,23
69,"Proin at turpis a pede posuere nonummy. Integer non velit. Donec diam neque, vestibulum eget, vulputate ut, ultrices vel, augue.",2021-04-22 03:49:15,2022-01-14 06:59:56,69,38,50
70,Sed ante.,2021-11-26 20:08:57,2021-02-05 02:38:11,70,97,18
71,Ut at dolor quis odio consequat varius. Integer ac leo.,2021-02-16 11:09:36,2021-06-04 12:20:08,71,68,60
72,Praesent blandit lacinia erat. Vestibulum sed magna at nunc commodo placerat.,2021-05-07 19:59:06,2021-10-15 14:17:55,72,53,68
73,"Vestibulum ante ipsum primis in faucibus orci luctus et ultrices posuere cubilia Curae; Donec pharetra, magna vestibulum aliquet ultrices, erat tortor sollicitudin mi, sit amet lobortis sapien sapien non mi.",2021-04-20 04:13:25,2022-01-03 14:14:51,73,38,27
74,"Duis bibendum, felis sed interdum venenatis, turpis enim blandit mi, in porttitor pede justo eu massa. Donec dapibus. Duis at velit eu est congue elementum.",2021-02-03 20:28:16,2021-07-29 16:03:45,74,45,17
75,Aenean fermentum.,2021-03-12 10:18:03,2021-08-21 11:34:33,75,68,46
76,Maecenas pulvinar lobortis est.,2021-02-10 01:30:02,2021-09-22 08:32:43,76,73,61
77,Maecenas ut massa quis augue luctus tincidunt. Nulla mollis molestie lorem. Quisque ut erat.,2021-11-11 03:07:32,2021-04-16 10:33:25,77,92,7
78,Integer ac leo.,2021-06-03 02:45:57,2021-05-17 05:55:05,78,91,94
79,"Sed sagittis. Nam congue, risus semper porta volutpat, quam pede lobortis ligula, sit amet eleifend pede libero quis orci.",2021-03-20 19:29:45,2021-03-13 21:29:36,79,24,21
80,Ut tellus. Nulla ut erat id mauris vulputate elementum. Nullam varius.,2021-08-15 17:55:37,2021-06-30 23:29:11,80,67,20
81,Sed sagittis.,2021-06-14 21:08:55,2021-11-03 17:56:33,81,84,26
82,Duis at velit eu est congue elementum. In hac habitasse platea dictumst.,2021-09-26 19:45:15,2021-06-23 22:09:15,82,21,36
83,"Mauris enim leo, rhoncus sed, vestibulum sit amet, cursus id, turpis.",2021-07-05 13:06:18,2021-08-15 19:32:41,83,43,74
84,In hac habitasse platea dictumst. Maecenas ut massa quis augue luctus tincidunt. Nulla mollis molestie lorem.,2021-10-03 17:19:00,2021-11-05 20:21:27,84,49,32
85,"Aliquam augue quam, sollicitudin vitae, consectetuer eget, rutrum at, lorem. Integer tincidunt ante vel ipsum. Praesent blandit lacinia erat.",2021-04-11 01:37:09,2021-01-28 11:18:30,85,33,77
86,Etiam pretium iaculis justo.,2021-06-09 00:57:53,2021-08-02 23:03:32,86,2,22
87,"Morbi vel lectus in quam fringilla rhoncus. Mauris enim leo, rhoncus sed, vestibulum sit amet, cursus id, turpis.",2021-07-23 12:33:16,2021-05-21 20:47:47,87,32,36
88,Sed accumsan felis. Ut at dolor quis odio consequat varius. Integer ac leo.,2021-07-15 17:20:08,2021-08-18 14:56:49,88,36,57
89,Nullam molestie nibh in lectus. Pellentesque at nulla. Suspendisse potenti.,2021-07-08 13:04:50,2021-03-04 20:54:36,89,100,72
90,Morbi non quam nec dui luctus rutrum. Nulla tellus. In sagittis dui vel nisl.,2021-10-03 04:44:13,2021-01-27 20:54:25,90,24,24
91,"Morbi sem mauris, laoreet ut, rhoncus aliquet, pulvinar sed, nisl. Nunc rhoncus dui vel sem. Sed sagittis.",2021-02-28 06:26:19,2021-07-20 05:47:29,91,79,75
92,"Nunc nisl. Duis bibendum, felis sed interdum venenatis, turpis enim blandit mi, in porttitor pede justo eu massa. Donec dapibus.",2021-10-22 09:44:53,2021-09-22 02:49:45,92,45,6
93,Aliquam quis turpis eget elit sodales scelerisque.,2021-04-23 08:01:35,2021-07-24 02:05:12,93,72,50
94,Curabitur at ipsum ac tellus semper interdum.,2021-09-01 15:34:28,2021-12-02 05:52:25,94,7,46
95,"Vivamus vel nulla eget eros elementum pellentesque. Quisque porta volutpat erat. Quisque erat eros, viverra eget, congue eget, semper rutrum, nulla.",2021-12-29 14:59:00,2021-03-15 04:11:56,95,19,85
96,"Nam ultrices, libero non mattis pulvinar, nulla pede ullamcorper augue, a suscipit nulla elit ac nulla. Sed vel enim sit amet nunc viverra dapibus. Nulla suscipit ligula in lacus.",2021-05-22 10:43:20,2021-12-05 16:55:14,96,46,94
97,Donec posuere metus vitae ipsum. Aliquam non mauris.,2021-01-30 22:56:19,2021-12-16 08:21:53,97,14,11
98,"Morbi odio odio, elementum eu, interdum eu, tincidunt in, leo. Maecenas pulvinar lobortis est.",2021-03-16 20:31:05,2021-07-17 20:24:54,98,14,31
99,"Phasellus id sapien in sapien iaculis congue. Vivamus metus arcu, adipiscing molestie, hendrerit at, vulputate vitae, nisl.",2021-09-04 12:09:33,2021-10-11 20:54:57,99,35,46
100,Duis aliquam convallis nunc.,2021-09-01 10:38:50,2021-02-15 11:59:04,100,46,93
101,"Cras pellentesque volutpat dui. Maecenas tristique, est et tempus semper, est quam pharetra magna, ac consequat metus sapien ut nunc.",2021-12-14 01:54:23,2021-03-02 05:46:12,101,2,65
102,Duis bibendum. Morbi non quam nec dui luctus rutrum. Nulla tellus.,2021-02-15 09:37:34,2021-07-10 21:07:52,102,51,71
103,"Mauris enim leo, rhoncus sed, vestibulum sit amet, cursus id, turpis. Integer aliquet, massa id lobortis convallis, tortor risus dapibus augue, vel accumsan tellus nisi eu orci. Mauris lacinia sapien quis libero.",2021-07-24 08:18:47,2021-04-16 01:23:22,103,60,28
104,Donec semper sapien a libero. Nam dui.,2021-02-07 15:14:06,2022-01-03 03:01:08,104,8,56
105,Quisque ut erat. Curabitur gravida nisi at nibh.,2021-06-15 17:00:15,2021-10-22 16:10:37,105,59,99
106,"Curabitur in libero ut massa volutpat convallis. Morbi odio odio, elementum eu, interdum eu, tincidunt in, leo.",2021-06-24 14:55:33,2021-06-28 02:56:57,106,73,7
107,"Vivamus metus arcu, adipiscing molestie, hendrerit at, vulputate vitae, nisl.",2021-02-10 07:51:35,2021-07-01 01:04:50,107,22,89
108,"Fusce congue, diam id ornare imperdiet, sapien urna pretium nisl, ut volutpat sapien arcu sed augue.",2021-12-05 07:57:53,2021-07-15 06:47:22,108,68,80
109,"Curabitur gravida nisi at nibh. In hac habitasse platea dictumst. Aliquam augue quam, sollicitudin vitae, consectetuer eget, rutrum at, lorem.",2021-08-31 06:12:33,2021-06-06 07:07:22,109,62,31
110,In hac habitasse platea dictumst.,2021-04-10 05:01:49,2021-07-29 00:33:02,110,66,51
111,"Proin interdum mauris non ligula pellentesque ultrices. Phasellus id sapien in sapien iaculis congue. Vivamus metus arcu, adipiscing molestie, hendrerit at, vulputate vitae, nisl.",2021-09-06 07:40:56,2021-06-16 18:14:47,111,43,64
112,Praesent id massa id nisl venenatis lacinia. Aenean sit amet justo.,2021-07-06 02:04:47,2021-05-06 10:00:26,112,11,14
113,Vivamus tortor. Duis mattis egestas metus. Aenean fermentum.,2021-06-26 11:50:42,2021-08-01 12:21:51,113,90,90
114,Fusce consequat. Nulla nisl.,2021-11-03 03:53:19,2021-08-17 00:24:53,114,12,43
115,Pellentesque eget nunc. Donec quis orci eget orci vehicula condimentum. Curabitur in libero ut massa volutpat convallis.,2021-03-13 16:08:09,2021-10-12 07:33:22,115,25,69
116,Integer tincidunt ante vel ipsum. Praesent blandit lacinia erat.,2021-01-27 01:38:58,2021-03-13 21:14:09,116,6,4
117,Praesent id massa id nisl venenatis lacinia.,2021-04-18 08:36:25,2021-06-13 13:04:39,117,42,39
118,Mauris lacinia sapien quis libero.,2021-01-26 14:46:26,2021-10-12 14:03:32,118,63,15
119,Nullam molestie nibh in lectus. Pellentesque at nulla. Suspendisse potenti.,2021-08-02 19:02:24,2021-02-07 07:43:51,119,58,60
120,"Aenean sit amet justo. Morbi ut odio. Cras mi pede, malesuada in, imperdiet et, commodo vulputate, justo.",2021-02-06 04:33:00,2021-03-16 05:28:56,120,40,9
121,In eleifend quam a odio. In hac habitasse platea dictumst. Maecenas ut massa quis augue luctus tincidunt.,2021-12-28 02:01:18,2021-05-30 01:49:18,121,64,55
122,Sed ante.,2021-08-29 21:47:52,2021-07-14 22:07:33,122,40,95
123,Nullam porttitor lacus at turpis. Donec posuere metus vitae ipsum.,2021-04-10 19:37:15,2021-06-11 14:58:09,123,45,100
124,Aliquam non mauris.,2021-04-23 02:05:15,2021-04-13 17:44:54,124,18,89
125,Curabitur gravida nisi at nibh. In hac habitasse platea dictumst.,2021-06-15 20:20:59,2021-11-07 07:27:01,125,79,90
126,Aliquam erat volutpat. In congue.,2021-11-19 00:32:50,2021-05-31 09:09:11,126,8,91
127,"In hac habitasse platea dictumst. Morbi vestibulum, velit id pretium iaculis, diam erat fermentum justo, nec condimentum neque sapien placerat ante. Nulla justo.",2021-04-07 05:11:53,2021-03-30 08:39:53,127,97,38
128,Integer a nibh. In quis justo. Maecenas rhoncus aliquam lacus.,2021-10-27 17:34:25,2021-06-09 15:00:54,128,62,95
129,"Duis ac nibh. Fusce lacus purus, aliquet at, feugiat non, pretium quis, lectus. Suspendisse potenti.",2021-05-08 11:31:41,2021-12-22 18:28:21,129,70,68
130,Aliquam non mauris.,2021-08-03 18:42:10,2021-03-21 18:00:28,130,92,28
131,Nulla ut erat id mauris vulputate elementum. Nullam varius.,2022-01-22 08:03:16,2021-04-10 03:14:52,131,92,36
132,"Aliquam sit amet diam in magna bibendum imperdiet. Nullam orci pede, venenatis non, sodales sed, tincidunt eu, felis. Fusce posuere felis sed lacus.",2021-09-14 19:41:11,2021-10-05 01:51:51,132,9,45
133,"Donec vitae nisi. Nam ultrices, libero non mattis pulvinar, nulla pede ullamcorper augue, a suscipit nulla elit ac nulla.",2021-06-20 15:05:44,2021-09-05 01:42:18,133,94,65
134,"In sagittis dui vel nisl. Duis ac nibh. Fusce lacus purus, aliquet at, feugiat non, pretium quis, lectus.",2021-08-30 11:11:39,2021-12-10 14:50:13,134,34,63
135,"Quisque arcu libero, rutrum ac, lobortis vel, dapibus at, diam. Nam tristique tortor eu pede.",2021-05-04 16:58:38,2021-09-26 06:18:14,135,10,51
136,Morbi ut odio.,2021-09-16 09:10:30,2022-01-12 22:40:50,136,93,49
137,"Nulla ac enim. In tempor, turpis nec euismod scelerisque, quam turpis adipiscing lorem, vitae mattis nibh ligula nec sem. Duis aliquam convallis nunc.",2021-12-22 06:57:23,2021-10-04 01:55:34,137,24,10
138,Phasellus id sapien in sapien iaculis congue.,2021-04-21 17:36:42,2021-05-22 08:41:59,138,38,29
139,"Nam ultrices, libero non mattis pulvinar, nulla pede ullamcorper augue, a suscipit nulla elit ac nulla. Sed vel enim sit amet nunc viverra dapibus. Nulla suscipit ligula in lacus.",2021-04-19 17:12:26,2021-03-13 01:26:40,139,57,5
140,Vivamus in felis eu sapien cursus vestibulum.,2021-11-23 03:13:25,2022-01-17 02:05:38,140,17,85
141,Vivamus in felis eu sapien cursus vestibulum. Proin eu mi.,2021-10-31 22:59:44,2021-04-07 04:56:24,141,85,13
142,Morbi quis tortor id nulla ultrices aliquet.,2021-08-04 09:38:33,2021-04-03 13:38:13,142,54,74
143,"Lorem ipsum dolor sit amet, consectetuer adipiscing elit. Proin interdum mauris non ligula pellentesque ultrices.",2021-11-29 02:45:44,2022-01-25 16:54:20,143,18,70
144,Vestibulum ante ipsum primis in faucibus orci luctus et ultrices posuere cubilia Curae; Duis faucibus accumsan odio. Curabitur convallis.,2021-11-11 00:51:35,2021-04-29 22:32:20,144,62,43
145,Etiam justo. Etiam pretium iaculis justo. In hac habitasse platea dictumst.,2021-07-23 23:50:51,2021-06-19 15:43:10,145,44,42
146,Aenean lectus.,2021-08-24 07:58:25,2022-01-12 18:31:39,146,31,24
147,Duis bibendum.,2021-11-27 14:37:53,2021-08-29 11:26:05,147,64,46
148,"Proin at turpis a pede posuere nonummy. Integer non velit. Donec diam neque, vestibulum eget, vulputate ut, ultrices vel, augue.",2021-11-03 14:31:39,2021-02-19 18:55:28,148,97,11
149,"Vestibulum quam sapien, varius ut, blandit non, interdum in, ante.",2021-07-25 06:15:03,2021-07-18 13:39:38,149,32,54
150,"Donec semper sapien a libero. Nam dui. Proin leo odio, porttitor id, consequat in, consequat ut, nulla.",2021-10-15 03:52:48,2021-09-16 05:33:00,150,70,69
151,Suspendisse potenti. Nullam porttitor lacus at turpis.,2021-10-13 14:14:41,2021-12-31 22:47:31,151,99,73
152,"Sed sagittis. Nam congue, risus semper porta volutpat, quam pede lobortis ligula, sit amet eleifend pede libero quis orci. Nullam molestie nibh in lectus.",2021-04-04 20:27:31,2021-05-15 21:29:20,152,30,71
153,Maecenas pulvinar lobortis est.,2021-05-24 23:16:01,2021-08-10 23:25:38,153,13,5
154,"Maecenas leo odio, condimentum id, luctus nec, molestie sed, justo. Pellentesque viverra pede ac diam. Cras pellentesque volutpat dui.",2022-01-01 14:57:12,2021-04-29 13:44:29,154,2,29
155,Integer ac leo. Pellentesque ultrices mattis odio.,2022-01-01 04:58:58,2021-02-07 07:54:48,155,11,46
156,Aliquam erat volutpat.,2021-05-26 08:09:11,2021-03-18 03:39:06,156,71,97
157,Curabitur convallis.,2021-08-02 23:49:55,2021-12-13 02:22:47,157,13,77
158,Aliquam sit amet diam in magna bibendum imperdiet.,2021-06-23 02:50:07,2021-12-03 01:21:09,158,55,86
159,Nulla nisl. Nunc nisl.,2021-10-17 04:58:04,2021-09-26 04:10:49,159,81,6
160,"Vestibulum ante ipsum primis in faucibus orci luctus et ultrices posuere cubilia Curae; Donec pharetra, magna vestibulum aliquet ultrices, erat tortor sollicitudin mi, sit amet lobortis sapien sapien non mi.",2021-08-03 17:11:35,2021-02-20 21:29:40,160,31,82
161,"Aliquam sit amet diam in magna bibendum imperdiet. Nullam orci pede, venenatis non, sodales sed, tincidunt eu, felis. Fusce posuere felis sed lacus.",2022-01-05 05:10:54,2021-04-18 06:20:08,161,50,60
162,"Cras mi pede, malesuada in, imperdiet et, commodo vulputate, justo. In blandit ultrices enim. Lorem ipsum dolor sit amet, consectetuer adipiscing elit.",2021-11-16 23:06:53,2021-07-09 10:19:13,162,30,28
163,Vestibulum sed magna at nunc commodo placerat. Praesent blandit. Nam nulla.,2021-05-15 14:31:05,2021-12-06 00:58:26,163,41,95
164,Vivamus tortor. Duis mattis egestas metus.,2021-12-26 03:18:30,2021-07-22 22:07:19,164,78,5
165,Maecenas pulvinar lobortis est. Phasellus sit amet erat.,2021-06-10 10:40:26,2021-02-07 08:12:08,165,44,46
166,Sed accumsan felis. Ut at dolor quis odio consequat varius.,2021-10-12 20:34:10,2021-09-21 16:27:48,166,43,79
167,Quisque ut erat. Curabitur gravida nisi at nibh.,2021-03-28 11:33:54,2021-04-17 21:23:14,167,21,32
168,Vivamus tortor.,2022-01-18 13:39:15,2021-12-12 07:38:55,168,19,11
169,"Integer pede justo, lacinia eget, tincidunt eget, tempus vel, pede. Morbi porttitor lorem id ligula. Suspendisse ornare consequat lectus.",2021-09-06 00:01:29,2021-06-15 09:00:03,169,93,89
170,"Vestibulum quam sapien, varius ut, blandit non, interdum in, ante. Vestibulum ante ipsum primis in faucibus orci luctus et ultrices posuere cubilia Curae; Duis faucibus accumsan odio.",2021-12-14 13:09:52,2021-03-31 00:10:38,170,85,75
171,"Morbi odio odio, elementum eu, interdum eu, tincidunt in, leo. Maecenas pulvinar lobortis est.",2021-06-03 08:15:56,2021-03-18 06:05:50,171,38,98
172,Vivamus vestibulum sagittis sapien.,2021-10-21 00:01:45,2021-10-18 01:58:30,172,21,29
173,Quisque id justo sit amet sapien dignissim vestibulum. Vestibulum ante ipsum primis in faucibus orci luctus et ultrices posuere cubilia Curae; Nulla dapibus dolor vel est.,2021-07-27 09:13:55,2022-01-19 04:02:15,173,54,29
174,Donec ut mauris eget massa tempor convallis.,2021-09-25 05:08:59,2021-10-05 15:26:25,174,47,79
175,Quisque ut erat. Curabitur gravida nisi at nibh. In hac habitasse platea dictumst.,2021-06-13 01:38:28,2021-12-01 23:32:27,175,68,76
176,Nulla ut erat id mauris vulputate elementum. Nullam varius.,2021-04-28 03:14:42,2021-07-22 23:08:30,176,27,52
177,"Donec ut mauris eget massa tempor convallis. Nulla neque libero, convallis eget, eleifend luctus, ultricies eu, nibh. Quisque id justo sit amet sapien dignissim vestibulum.",2021-06-09 22:14:30,2021-09-06 11:34:00,177,97,13
178,Suspendisse accumsan tortor quis turpis. Sed ante.,2021-03-23 04:10:40,2021-03-18 10:32:30,178,44,15
179,Suspendisse ornare consequat lectus.,2021-10-31 23:39:17,2021-02-07 10:58:21,179,99,78
180,"Morbi odio odio, elementum eu, interdum eu, tincidunt in, leo.",2021-06-14 15:26:54,2021-03-13 20:04:46,180,17,77
181,"Morbi non lectus. Aliquam sit amet diam in magna bibendum imperdiet. Nullam orci pede, venenatis non, sodales sed, tincidunt eu, felis.",2021-02-10 03:48:08,2021-06-06 02:40:05,181,50,99
182,"Duis bibendum, felis sed interdum venenatis, turpis enim blandit mi, in porttitor pede justo eu massa.",2022-01-07 04:21:49,2021-06-06 00:28:08,182,81,100
183,Quisque porta volutpat erat.,2021-03-14 10:00:10,2022-01-03 13:10:26,183,60,83
184,Quisque id justo sit amet sapien dignissim vestibulum.,2021-10-20 12:35:47,2021-03-14 20:00:20,184,21,74
185,Aenean sit amet justo. Morbi ut odio.,2021-12-17 20:37:12,2021-05-16 00:11:17,185,27,37
186,"Integer pede justo, lacinia eget, tincidunt eget, tempus vel, pede. Morbi porttitor lorem id ligula. Suspendisse ornare consequat lectus.",2021-10-07 20:45:00,2021-04-15 23:07:53,186,6,40
187,In sagittis dui vel nisl.,2021-11-20 14:17:13,2022-01-20 14:30:13,187,11,95
188,Vestibulum ante ipsum primis in faucibus orci luctus et ultrices posuere cubilia Curae; Duis faucibus accumsan odio. Curabitur convallis.,2021-09-06 15:28:01,2021-12-13 16:30:58,188,89,43
189,Sed accumsan felis. Ut at dolor quis odio consequat varius. Integer ac leo.,2021-10-26 23:34:54,2021-03-18 13:39:37,189,72,17
190,"Duis ac nibh. Fusce lacus purus, aliquet at, feugiat non, pretium quis, lectus.",2021-10-10 19:29:59,2021-12-04 14:09:52,190,50,56
191,Cras in purus eu magna vulputate luctus.,2022-01-14 05:47:57,2021-08-15 01:34:30,191,51,34
192,"Morbi ut odio. Cras mi pede, malesuada in, imperdiet et, commodo vulputate, justo. In blandit ultrices enim.",2022-01-07 20:53:17,2021-03-19 09:15:35,192,67,87
193,Morbi a ipsum. Integer a nibh. In quis justo.,2022-01-04 15:16:29,2021-04-22 04:22:13,193,30,32
194,Praesent id massa id nisl venenatis lacinia.,2021-10-18 09:08:46,2021-09-06 04:15:28,194,79,42
195,Suspendisse potenti. In eleifend quam a odio.,2021-07-29 20:31:00,2021-10-04 05:40:18,195,80,32
196,Maecenas pulvinar lobortis est. Phasellus sit amet erat.,2021-06-08 17:02:05,2021-07-16 09:01:45,196,33,70
197,Morbi a ipsum. Integer a nibh. In quis justo.,2021-04-30 17:23:59,2021-03-04 21:42:34,197,56,17
198,Proin eu mi.,2022-01-18 03:55:22,2021-11-26 05:26:03,198,9,90
199,"Integer pede justo, lacinia eget, tincidunt eget, tempus vel, pede.",2022-01-05 17:28:44,2021-06-12 11:29:42,199,4,59
200,"Morbi vel lectus in quam fringilla rhoncus. Mauris enim leo, rhoncus sed, vestibulum sit amet, cursus id, turpis.",2021-03-31 11:02:15,2021-03-14 22:01:40,200,68,18
201,Etiam pretium iaculis justo.,2022-01-06 13:05:39,2021-05-07 12:10:33,201,4,25
202,Pellentesque eget nunc. Donec quis orci eget orci vehicula condimentum. Curabitur in libero ut massa volutpat convallis.,2021-10-16 12:34:30,2021-10-20 23:03:08,202,42,81
203,Vivamus vel nulla eget eros elementum pellentesque.,2021-09-02 06:16:11,2021-03-07 09:18:15,203,23,94
204,Nullam molestie nibh in lectus. Pellentesque at nulla.,2021-08-30 14:20:18,2021-06-28 23:40:10,204,46,66
205,"Lorem ipsum dolor sit amet, consectetuer adipiscing elit.",2021-09-21 12:19:38,2021-10-14 07:32:44,205,41,18
206,Vestibulum ante ipsum primis in faucibus orci luctus et ultrices posuere cubilia Curae; Mauris viverra diam vitae quam. Suspendisse potenti.,2021-10-15 04:58:20,2021-03-24 10:17:57,206,2,53
207,"Duis at velit eu est congue elementum. In hac habitasse platea dictumst. Morbi vestibulum, velit id pretium iaculis, diam erat fermentum justo, nec condimentum neque sapien placerat ante.",2021-07-24 21:16:40,2021-04-13 08:27:03,207,58,21
208,"Vestibulum quam sapien, varius ut, blandit non, interdum in, ante. Vestibulum ante ipsum primis in faucibus orci luctus et ultrices posuere cubilia Curae; Duis faucibus accumsan odio. Curabitur convallis.",2021-06-30 23:09:05,2021-04-03 07:58:44,208,82,19
209,Integer a nibh. In quis justo.,2021-12-04 09:57:22,2021-03-16 08:53:34,209,82,49
210,"Donec odio justo, sollicitudin ut, suscipit a, feugiat et, eros.",2022-01-25 14:22:06,2021-05-18 10:38:02,210,61,2
211,Etiam justo. Etiam pretium iaculis justo.,2021-04-27 11:48:25,2021-10-18 13:10:30,211,10,40
212,Suspendisse accumsan tortor quis turpis. Sed ante.,2021-09-23 03:05:14,2021-04-22 00:32:29,212,43,100
213,Duis bibendum.,2021-04-02 13:00:29,2021-03-25 15:47:03,213,92,48
214,Vivamus in felis eu sapien cursus vestibulum. Proin eu mi.,2021-09-25 15:50:25,2021-05-12 20:41:11,214,84,14
215,Aenean sit amet justo.,2021-02-28 05:48:27,2021-06-28 17:52:39,215,76,45
216,"Quisque porta volutpat erat. Quisque erat eros, viverra eget, congue eget, semper rutrum, nulla.",2021-09-12 04:03:57,2021-08-20 17:26:35,216,24,75
217,"Morbi sem mauris, laoreet ut, rhoncus aliquet, pulvinar sed, nisl. Nunc rhoncus dui vel sem. Sed sagittis.",2021-09-13 08:52:50,2021-02-20 12:14:50,217,30,4
218,Integer a nibh. In quis justo. Maecenas rhoncus aliquam lacus.,2021-06-07 05:40:30,2021-01-30 17:09:32,218,51,47
219,"Lorem ipsum dolor sit amet, consectetuer adipiscing elit. Proin interdum mauris non ligula pellentesque ultrices. Phasellus id sapien in sapien iaculis congue.",2021-02-26 12:32:24,2021-02-10 15:24:38,219,61,6
220,Maecenas tincidunt lacus at velit. Vivamus vel nulla eget eros elementum pellentesque.,2021-12-10 03:08:40,2021-05-28 13:12:49,220,53,91
221,"Cras in purus eu magna vulputate luctus. Cum sociis natoque penatibus et magnis dis parturient montes, nascetur ridiculus mus.",2021-08-31 10:08:42,2021-02-01 00:13:56,221,2,51
222,Morbi porttitor lorem id ligula. Suspendisse ornare consequat lectus.,2021-10-06 03:09:21,2022-01-09 12:29:56,222,64,29
223,"Maecenas leo odio, condimentum id, luctus nec, molestie sed, justo. Pellentesque viverra pede ac diam.",2021-10-29 14:21:24,2021-03-26 20:07:51,223,6,53
224,"Integer non velit. Donec diam neque, vestibulum eget, vulputate ut, ultrices vel, augue.",2021-02-02 01:03:11,2021-10-15 04:25:08,224,49,18
225,Vestibulum sed magna at nunc commodo placerat. Praesent blandit.,2021-09-16 08:01:57,2021-08-18 10:40:42,225,7,27
226,"Morbi sem mauris, laoreet ut, rhoncus aliquet, pulvinar sed, nisl. Nunc rhoncus dui vel sem. Sed sagittis.",2021-05-17 17:04:32,2021-10-09 23:15:42,226,58,100
227,Nunc rhoncus dui vel sem.,2021-11-03 02:13:53,2021-03-10 02:23:43,227,71,70
228,Vestibulum rutrum rutrum neque. Aenean auctor gravida sem. Praesent id massa id nisl venenatis lacinia.,2021-03-29 05:03:49,2021-02-07 22:30:49,228,18,21
229,Integer ac neque.,2021-12-27 16:33:09,2021-12-04 15:23:58,229,80,13
230,Vivamus tortor. Duis mattis egestas metus. Aenean fermentum.,2021-09-11 14:15:56,2021-02-24 07:31:03,230,48,82
231,Nulla tempus.,2021-07-17 23:46:03,2021-05-17 07:35:38,231,45,36
232,"Cras mi pede, malesuada in, imperdiet et, commodo vulputate, justo. In blandit ultrices enim.",2021-10-06 01:27:29,2021-06-07 06:04:36,232,39,61
233,In hac habitasse platea dictumst.,2021-11-28 02:29:30,2021-04-11 06:51:31,233,43,35
234,"Quisque erat eros, viverra eget, congue eget, semper rutrum, nulla. Nunc purus.",2021-09-10 23:56:33,2021-04-16 13:00:39,234,70,14
235,"Donec semper sapien a libero. Nam dui. Proin leo odio, porttitor id, consequat in, consequat ut, nulla.",2021-11-21 12:38:09,2021-04-17 02:35:19,235,3,37
236,Pellentesque ultrices mattis odio.,2021-09-20 19:10:05,2021-03-27 17:38:50,236,17,79
237,Vestibulum sed magna at nunc commodo placerat. Praesent blandit.,2021-08-30 10:35:09,2021-12-26 21:44:29,237,4,25
238,Aenean lectus. Pellentesque eget nunc. Donec quis orci eget orci vehicula condimentum.,2021-08-16 08:36:53,2021-10-12 03:15:18,238,38,87
239,Quisque id justo sit amet sapien dignissim vestibulum. Vestibulum ante ipsum primis in faucibus orci luctus et ultrices posuere cubilia Curae; Nulla dapibus dolor vel est.,2021-10-22 13:11:52,2021-03-02 07:17:19,239,51,52
240,"Donec quis orci eget orci vehicula condimentum. Curabitur in libero ut massa volutpat convallis. Morbi odio odio, elementum eu, interdum eu, tincidunt in, leo.",2021-12-14 10:05:40,2021-12-30 06:36:11,240,78,100
241,Pellentesque eget nunc.,2022-01-09 18:35:07,2021-03-27 03:02:51,241,55,67
242,"Aliquam sit amet diam in magna bibendum imperdiet. Nullam orci pede, venenatis non, sodales sed, tincidunt eu, felis. Fusce posuere felis sed lacus.",2021-12-21 04:30:52,2022-01-22 00:15:15,242,63,93
243,Etiam justo. Etiam pretium iaculis justo. In hac habitasse platea dictumst.,2022-01-12 04:09:26,2021-10-13 05:41:46,243,11,89
244,Mauris sit amet eros.,2021-04-20 02:41:35,2021-06-28 16:21:30,244,30,64
245,Praesent blandit.,2021-07-25 06:30:33,2021-08-02 06:05:44,245,41,21
246,"Maecenas leo odio, condimentum id, luctus nec, molestie sed, justo.",2021-03-08 03:44:10,2021-04-08 10:14:34,246,57,41
247,Nulla facilisi. Cras non velit nec nisi vulputate nonummy.,2021-06-02 09:44:38,2021-03-02 02:01:15,247,5,43
248,"Mauris ullamcorper purus sit amet nulla. Quisque arcu libero, rutrum ac, lobortis vel, dapibus at, diam. Nam tristique tortor eu pede.",2021-07-08 18:01:19,2021-10-18 14:14:06,248,7,36
249,"Proin leo odio, porttitor id, consequat in, consequat ut, nulla. Sed accumsan felis.",2021-02-09 10:58:08,2021-08-18 10:34:22,249,77,1
250,Aenean lectus. Pellentesque eget nunc.,2021-12-14 16:46:10,2021-03-25 07:02:24,250,97,98
